{"stats":{"minecraft:dropped":{"minecraft:wheat_seeds":1,"minecraft:wooden_pickaxe":1},"minecraft:picked_up":{"minecraft:birch_log":6,"minecraft:crafting_table":2,"minecraft:wheat_seeds":2,"minecraft:oak_sapling":1,"minecraft:dirt":4,"minecraft:cobblestone":23},"minecraft:mined":{"minecraft:pink_petals":1,"minecraft:grass":7,"minecraft:grass_block":4,"minecraft:birch_log":6,"minecraft:tall_grass":6,"minecraft:stone":23,"minecraft:birch_leaves":4,"minecraft:oak_leaves":6,"minecraft:crafting_table":2},"minecraft:custom":{"minecraft:crouch_one_cm":6202,"minecraft:play_time":7722,"minecraft:sprint_one_cm":11025,"minecraft:damage_taken":275,"minecraft:walk_one_cm":19327,"minecraft:deaths":1,"minecraft:sneak_time":1642,"minecraft:drop":2,"minecraft:jump":108,"minecraft:damage_dealt":374,"minecraft:leave_game":2,"minecraft:time_since_death":3683,"minecraft:total_world_time":7722,"minecraft:interact_with_crafting_table":4,"minecraft:fly_one_cm":14965,"minecraft:fall_one_cm":2124,"minecraft:time_since_rest":3710},"minecraft:used":{"minecraft:stone_axe":1,"minecraft:stone_sword":17,"minecraft:dirt":4,"minecraft:crafting_table":2,"minecraft:stone_pickaxe":9,"minecraft:wooden_pickaxe":15},"minecraft:crafted":{"minecraft:stone_sword":2,"minecraft:birch_planks":24,"minecraft:stone_axe":1,"minecraft:crafting_table":1,"minecraft:stick":8,"minecraft:wooden_pickaxe":1,"minecraft:stone_pickaxe":1}},"DataVersion":3465}