{"stats":{"minecraft:dropped":{"minecraft:wheat_seeds":2,"minecraft:poppy":1,"minecraft:gray_wool":1,"minecraft:wooden_pickaxe":2},"minecraft:picked_up":{"minecraft:cracked_deepslate_tiles":1,"minecraft:birch_log":6,"minecraft:crafting_table":7,"minecraft:leather":1,"minecraft:enchanted_book":1,"minecraft:tuff":37,"minecraft:oak_log":26,"minecraft:gunpowder":1,"minecraft:dirt":22,"minecraft:wooden_sword":1,"minecraft:wheat_seeds":3,"minecraft:diamond_leggings":2,"minecraft:cobbled_deepslate":62,"minecraft:stone_pickaxe":1,"minecraft:beef":8,"minecraft:poppy":1,"minecraft:oak_planks":29,"minecraft:egg":1,"minecraft:furnace":2,"minecraft:stick":1,"minecraft:raw_iron":7,"minecraft:porkchop":6,"minecraft:white_candle":2,"minecraft:stone_sword":1,"minecraft:arrow":1,"minecraft:stone_axe":1,"minecraft:gray_wool":132,"minecraft:oak_sapling":2,"minecraft:mutton":8,"minecraft:coal":53,"minecraft:white_wool":7,"minecraft:cobblestone":54},"minecraft:mined":{"minecraft:deepslate_tiles":1,"minecraft:tuff":37,"minecraft:sculk_vein":1,"minecraft:crafting_table":7,"minecraft:grass_block":11,"minecraft:tall_grass":14,"minecraft:white_candle":1,"minecraft:sculk":10,"minecraft:pink_petals":2,"minecraft:gray_wool":132,"minecraft:furnace":2,"minecraft:birch_log":6,"minecraft:birch_leaves":4,"minecraft:grass":20,"minecraft:cracked_deepslate_tiles":1,"minecraft:oak_log":26,"minecraft:coal_ore":21,"minecraft:deepslate_iron_ore":3,"minecraft:dirt":11,"minecraft:stone":54,"minecraft:white_wool":2,"minecraft:oak_leaves":12,"minecraft:deepslate":62},"minecraft:killed_by":{"minecraft:warden":1,"minecraft:pillager":2},"minecraft:killed":{"minecraft:pig":2,"minecraft:spider":1,"minecraft:creeper":2,"minecraft:sheep":4,"minecraft:cow":4},"minecraft:custom":{"minecraft:interact_with_furnace":18,"minecraft:mob_kills":14,"minecraft:interact_with_crafting_table":16,"minecraft:leave_game":3,"minecraft:time_since_death":3438,"minecraft:sleep_in_bed":1,"minecraft:time_since_rest":3479,"minecraft:sprint_one_cm":117914,"minecraft:damage_taken":1858,"minecraft:walk_one_cm":124485,"minecraft:drop":6,"minecraft:damage_dealt":2108,"minecraft:swim_one_cm":1920,"minecraft:fly_one_cm":74733,"minecraft:open_chest":5,"minecraft:crouch_one_cm":85117,"minecraft:play_time":55281,"minecraft:deaths":5,"minecraft:sneak_time":23035,"minecraft:walk_under_water_one_cm":5286,"minecraft:jump":774,"minecraft:walk_on_water_one_cm":9580,"minecraft:total_world_time":55281,"minecraft:fall_one_cm":25922},"minecraft:used":{"minecraft:cooked_mutton":4,"minecraft:stone_sword":41,"minecraft:stone_pickaxe":163,"minecraft:oak_planks":7,"minecraft:wooden_pickaxe":30,"minecraft:dirt":6,"minecraft:crafting_table":7,"minecraft:stone_axe":31,"minecraft:wooden_sword":1,"minecraft:cobblestone":7,"minecraft:furnace":2,"minecraft:oak_sapling":1,"minecraft:cooked_porkchop":1,"minecraft:gray_bed":1,"minecraft:egg":1,"minecraft:gray_wool":94,"minecraft:cooked_beef":1},"minecraft:broken":{"minecraft:stone_pickaxe":1},"minecraft:crafted":{"minecraft:cooked_beef":3,"minecraft:oak_planks":60,"minecraft:cooked_porkchop":3,"minecraft:crafting_table":3,"minecraft:wooden_pickaxe":3,"minecraft:furnace":2,"minecraft:birch_planks":24,"minecraft:stone_axe":3,"minecraft:cooked_mutton":6,"minecraft:air":0,"minecraft:stick":28,"minecraft:stone_pickaxe":3,"minecraft:stone_sword":4,"minecraft:gray_bed":1}},"DataVersion":3465}