{"stats":{"minecraft:dropped":{"minecraft:wheat_seeds":2,"minecraft:poppy":1,"minecraft:wooden_pickaxe":2},"minecraft:picked_up":{"minecraft:birch_log":6,"minecraft:crafting_table":7,"minecraft:leather":1,"minecraft:enchanted_book":1,"minecraft:oak_log":26,"minecraft:gunpowder":1,"minecraft:dirt":22,"minecraft:wooden_sword":1,"minecraft:diamond_leggings":2,"minecraft:wheat_seeds":3,"minecraft:cobbled_deepslate":10,"minecraft:stone_pickaxe":1,"minecraft:beef":8,"minecraft:poppy":1,"minecraft:oak_planks":29,"minecraft:egg":1,"minecraft:furnace":2,"minecraft:stick":1,"minecraft:raw_iron":5,"minecraft:porkchop":6,"minecraft:stone_sword":1,"minecraft:white_candle":2,"minecraft:arrow":1,"minecraft:stone_axe":1,"minecraft:gray_wool":81,"minecraft:oak_sapling":2,"minecraft:mutton":8,"minecraft:coal":53,"minecraft:white_wool":7,"minecraft:cobblestone":54},"minecraft:mined":{"minecraft:crafting_table":7,"minecraft:grass_block":11,"minecraft:tall_grass":14,"minecraft:white_candle":1,"minecraft:sculk":1,"minecraft:pink_petals":2,"minecraft:gray_wool":81,"minecraft:furnace":2,"minecraft:birch_log":6,"minecraft:birch_leaves":4,"minecraft:grass":20,"minecraft:oak_log":26,"minecraft:coal_ore":21,"minecraft:deepslate_iron_ore":1,"minecraft:dirt":11,"minecraft:stone":54,"minecraft:white_wool":2,"minecraft:oak_leaves":12,"minecraft:deepslate":9},"minecraft:killed_by":{"minecraft:pillager":2},"minecraft:killed":{"minecraft:pig":2,"minecraft:spider":1,"minecraft:creeper":2,"minecraft:sheep":4,"minecraft:cow":4},"minecraft:custom":{"minecraft:interact_with_furnace":18,"minecraft:mob_kills":14,"minecraft:interact_with_crafting_table":16,"minecraft:leave_game":2,"minecraft:time_since_death":17971,"minecraft:sleep_in_bed":1,"minecraft:time_since_rest":6536,"minecraft:sprint_one_cm":117914,"minecraft:damage_taken":1378,"minecraft:walk_one_cm":122305,"minecraft:drop":5,"minecraft:damage_dealt":2108,"minecraft:swim_one_cm":1920,"minecraft:fly_one_cm":74622,"minecraft:open_chest":4,"minecraft:crouch_one_cm":56750,"minecraft:play_time":43722,"minecraft:deaths":4,"minecraft:sneak_time":13665,"minecraft:walk_under_water_one_cm":5286,"minecraft:jump":711,"minecraft:walk_on_water_one_cm":9580,"minecraft:total_world_time":43722,"minecraft:fall_one_cm":25446},"minecraft:used":{"minecraft:cooked_mutton":4,"minecraft:stone_sword":41,"minecraft:stone_pickaxe":68,"minecraft:oak_planks":7,"minecraft:wooden_pickaxe":30,"minecraft:dirt":6,"minecraft:crafting_table":7,"minecraft:stone_axe":31,"minecraft:wooden_sword":1,"minecraft:cobblestone":7,"minecraft:oak_sapling":1,"minecraft:furnace":2,"minecraft:cooked_porkchop":1,"minecraft:gray_bed":1,"minecraft:egg":1,"minecraft:gray_wool":63,"minecraft:cooked_beef":1},"minecraft:crafted":{"minecraft:cooked_beef":3,"minecraft:oak_planks":60,"minecraft:cooked_porkchop":3,"minecraft:crafting_table":3,"minecraft:wooden_pickaxe":3,"minecraft:furnace":2,"minecraft:birch_planks":24,"minecraft:stone_axe":3,"minecraft:cooked_mutton":6,"minecraft:air":0,"minecraft:stick":28,"minecraft:stone_pickaxe":3,"minecraft:stone_sword":4,"minecraft:gray_bed":1}},"DataVersion":3465}