{"stats":{"minecraft:dropped":{"minecraft:poppy":1,"minecraft:wheat_seeds":2,"minecraft:wooden_pickaxe":1},"minecraft:picked_up":{"minecraft:birch_log":6,"minecraft:crafting_table":3,"minecraft:porkchop":3,"minecraft:oak_log":4,"minecraft:dirt":6,"minecraft:wooden_sword":1,"minecraft:wheat_seeds":3,"minecraft:poppy":1,"minecraft:oak_sapling":2,"minecraft:mutton":6,"minecraft:white_wool":6,"minecraft:cobblestone":41,"minecraft:egg":1},"minecraft:mined":{"minecraft:pink_petals":2,"minecraft:birch_log":6,"minecraft:birch_leaves":4,"minecraft:crafting_table":3,"minecraft:grass":19,"minecraft:grass_block":5,"minecraft:oak_log":4,"minecraft:dirt":1,"minecraft:tall_grass":14,"minecraft:stone":41,"minecraft:white_wool":2,"minecraft:oak_leaves":11},"minecraft:killed_by":{"minecraft:pillager":2},"minecraft:killed":{"minecraft:sheep":4,"minecraft:pig":1,"minecraft:spider":1,"minecraft:creeper":1},"minecraft:custom":{"minecraft:time_since_rest":5575,"minecraft:interact_with_furnace":7,"minecraft:sprint_one_cm":58944,"minecraft:damage_taken":908,"minecraft:walk_one_cm":90312,"minecraft:mob_kills":8,"minecraft:drop":4,"minecraft:damage_dealt":1318,"minecraft:interact_with_crafting_table":9,"minecraft:fly_one_cm":50145,"minecraft:crouch_one_cm":8202,"minecraft:play_time":19722,"minecraft:deaths":3,"minecraft:sneak_time":2353,"minecraft:jump":387,"minecraft:leave_game":2,"minecraft:time_since_death":5545,"minecraft:total_world_time":19722,"minecraft:fall_one_cm":10994},"minecraft:used":{"minecraft:stone_sword":41,"minecraft:stone_pickaxe":23,"minecraft:wooden_pickaxe":20,"minecraft:stone_axe":2,"minecraft:wooden_sword":1,"minecraft:dirt":6,"minecraft:crafting_table":4,"minecraft:furnace":1,"minecraft:oak_sapling":1,"minecraft:cooked_porkchop":1,"minecraft:egg":1},"minecraft:crafted":{"minecraft:oak_planks":16,"minecraft:cooked_porkchop":3,"minecraft:crafting_table":2,"minecraft:stick":16,"minecraft:wooden_pickaxe":2,"minecraft:stone_pickaxe":2,"minecraft:stone_sword":3,"minecraft:furnace":1,"minecraft:birch_planks":24,"minecraft:stone_axe":2,"minecraft:cooked_mutton":1,"minecraft:air":0}},"DataVersion":3465}