{"stats":{"minecraft:dropped":{"minecraft:poppy":1,"minecraft:wheat_seeds":2,"minecraft:wooden_pickaxe":2},"minecraft:picked_up":{"minecraft:birch_log":6,"minecraft:crafting_table":5,"minecraft:leather":1,"minecraft:porkchop":6,"minecraft:oak_log":26,"minecraft:gunpowder":1,"minecraft:dirt":22,"minecraft:wooden_sword":1,"minecraft:wheat_seeds":3,"minecraft:beef":6,"minecraft:poppy":1,"minecraft:coal":21,"minecraft:oak_planks":19,"minecraft:oak_sapling":2,"minecraft:mutton":8,"minecraft:furnace":1,"minecraft:white_wool":7,"minecraft:cobblestone":54,"minecraft:egg":1},"minecraft:mined":{"minecraft:pink_petals":2,"minecraft:furnace":1,"minecraft:birch_log":6,"minecraft:birch_leaves":4,"minecraft:crafting_table":5,"minecraft:grass":20,"minecraft:coal_ore":21,"minecraft:grass_block":11,"minecraft:oak_log":26,"minecraft:dirt":11,"minecraft:tall_grass":14,"minecraft:stone":54,"minecraft:white_wool":2,"minecraft:oak_leaves":12},"minecraft:killed_by":{"minecraft:pillager":2},"minecraft:killed":{"minecraft:sheep":4,"minecraft:pig":2,"minecraft:spider":1,"minecraft:creeper":2,"minecraft:cow":4},"minecraft:custom":{"minecraft:time_since_rest":5998,"minecraft:interact_with_furnace":13,"minecraft:sprint_one_cm":117298,"minecraft:damage_taken":1378,"minecraft:walk_one_cm":114311,"minecraft:mob_kills":14,"minecraft:drop":5,"minecraft:damage_dealt":2108,"minecraft:swim_one_cm":1920,"minecraft:interact_with_crafting_table":12,"minecraft:fly_one_cm":74594,"minecraft:crouch_one_cm":12071,"minecraft:play_time":31722,"minecraft:deaths":4,"minecraft:sneak_time":4078,"minecraft:walk_under_water_one_cm":5286,"minecraft:jump":642,"minecraft:walk_on_water_one_cm":9580,"minecraft:leave_game":2,"minecraft:time_since_death":5971,"minecraft:total_world_time":31722,"minecraft:fall_one_cm":21208},"minecraft:used":{"minecraft:cooked_mutton":4,"minecraft:stone_sword":41,"minecraft:stone_pickaxe":57,"minecraft:oak_planks":7,"minecraft:wooden_pickaxe":30,"minecraft:stone_axe":29,"minecraft:wooden_sword":1,"minecraft:dirt":6,"minecraft:cobblestone":7,"minecraft:crafting_table":5,"minecraft:furnace":1,"minecraft:oak_sapling":1,"minecraft:cooked_porkchop":1,"minecraft:egg":1},"minecraft:crafted":{"minecraft:oak_planks":60,"minecraft:cooked_porkchop":3,"minecraft:crafting_table":3,"minecraft:stick":28,"minecraft:wooden_pickaxe":3,"minecraft:stone_pickaxe":3,"minecraft:stone_sword":4,"minecraft:furnace":1,"minecraft:birch_planks":24,"minecraft:stone_axe":3,"minecraft:cooked_mutton":6,"minecraft:air":0}},"DataVersion":3465}