{"stats":{"minecraft:dropped":{"minecraft:poppy":1,"minecraft:wheat_seeds":1,"minecraft:oak_log":6,"minecraft:wooden_pickaxe":1,"minecraft:gray_carpet":2},"minecraft:picked_up":{"minecraft:raw_iron":4,"minecraft:crafting_table":1,"minecraft:oak_log":16,"minecraft:arrow":1,"minecraft:gray_carpet":4,"minecraft:wheat_seeds":1,"minecraft:cobbled_deepslate":1,"minecraft:gray_wool":111,"minecraft:poppy":1,"minecraft:cobblestone":37},"minecraft:mined":{"minecraft:gray_wool":112,"minecraft:sculk_vein":2,"minecraft:birch_leaves":1,"minecraft:crafting_table":1,"minecraft:grass":10,"minecraft:sculk_shrieker":4,"minecraft:oak_log":10,"minecraft:poppy":1,"minecraft:deepslate_iron_ore":4,"minecraft:gray_carpet":2,"minecraft:tall_grass":4,"minecraft:stone":37,"minecraft:sculk":2,"minecraft:deepslate":1},"minecraft:killed_by":{"minecraft:warden":2,"minecraft:pillager":1},"minecraft:killed":{"minecraft:skeleton":1},"minecraft:custom":{"minecraft:time_since_rest":13535,"minecraft:sprint_one_cm":41967,"minecraft:damage_taken":1103,"minecraft:walk_one_cm":28510,"minecraft:mob_kills":1,"minecraft:drop":6,"minecraft:damage_dealt":293,"minecraft:interact_with_crafting_table":4,"minecraft:fly_one_cm":62985,"minecraft:open_chest":6,"minecraft:crouch_one_cm":112401,"minecraft:play_time":46341,"minecraft:deaths":3,"minecraft:sneak_time":33651,"minecraft:walk_under_water_one_cm":148,"minecraft:jump":468,"minecraft:walk_on_water_one_cm":3786,"minecraft:time_since_death":13497,"minecraft:total_world_time":46341,"minecraft:fall_one_cm":22144},"minecraft:used":{"minecraft:stone_sword":4,"minecraft:gray_carpet":2,"minecraft:stone_pickaxe":29,"minecraft:wooden_pickaxe":14,"minecraft:stone_axe":1,"minecraft:glow_berries":2,"minecraft:wooden_sword":6,"minecraft:potion":1,"minecraft:crafting_table":3,"minecraft:gray_bed":1,"minecraft:gray_wool":88,"minecraft:iron_leggings":1},"minecraft:crafted":{"minecraft:wooden_sword":1,"minecraft:oak_planks":40,"minecraft:crafting_table":2,"minecraft:stick":16,"minecraft:wooden_pickaxe":1,"minecraft:stone_pickaxe":1,"minecraft:stone_sword":1,"minecraft:stone_axe":1,"minecraft:gray_bed":1}},"DataVersion":3465}