{"stats":{"minecraft:dropped":{"minecraft:poppy":1,"minecraft:wheat_seeds":1,"minecraft:oak_log":6,"minecraft:wooden_pickaxe":1},"minecraft:picked_up":{"minecraft:raw_iron":4,"minecraft:crafting_table":1,"minecraft:oak_log":16,"minecraft:arrow":1,"minecraft:wheat_seeds":1,"minecraft:cobbled_deepslate":1,"minecraft:gray_wool":85,"minecraft:poppy":1,"minecraft:cobblestone":37},"minecraft:mined":{"minecraft:gray_wool":85,"minecraft:sculk_vein":1,"minecraft:birch_leaves":1,"minecraft:crafting_table":1,"minecraft:grass":10,"minecraft:sculk_shrieker":3,"minecraft:oak_log":10,"minecraft:poppy":1,"minecraft:deepslate_iron_ore":4,"minecraft:tall_grass":4,"minecraft:stone":37,"minecraft:sculk":1,"minecraft:deepslate":1},"minecraft:killed_by":{"minecraft:warden":2,"minecraft:pillager":1},"minecraft:killed":{"minecraft:skeleton":1},"minecraft:custom":{"minecraft:time_since_rest":1535,"minecraft:sprint_one_cm":41967,"minecraft:damage_taken":985,"minecraft:walk_one_cm":28510,"minecraft:mob_kills":1,"minecraft:drop":4,"minecraft:damage_dealt":293,"minecraft:interact_with_crafting_table":4,"minecraft:fly_one_cm":62985,"minecraft:open_chest":5,"minecraft:crouch_one_cm":86394,"minecraft:play_time":34341,"minecraft:deaths":3,"minecraft:sneak_time":22055,"minecraft:walk_under_water_one_cm":148,"minecraft:jump":420,"minecraft:walk_on_water_one_cm":3786,"minecraft:time_since_death":1497,"minecraft:total_world_time":34341,"minecraft:fall_one_cm":18276},"minecraft:used":{"minecraft:stone_sword":4,"minecraft:stone_pickaxe":29,"minecraft:wooden_pickaxe":14,"minecraft:stone_axe":1,"minecraft:wooden_sword":6,"minecraft:potion":1,"minecraft:crafting_table":3,"minecraft:gray_bed":1,"minecraft:gray_wool":59},"minecraft:crafted":{"minecraft:wooden_sword":1,"minecraft:oak_planks":40,"minecraft:crafting_table":2,"minecraft:stick":16,"minecraft:wooden_pickaxe":1,"minecraft:stone_pickaxe":1,"minecraft:stone_sword":1,"minecraft:stone_axe":1,"minecraft:gray_bed":1}},"DataVersion":3465}