{"stats":{"minecraft:dropped":{"minecraft:poppy":1,"minecraft:wheat_seeds":1,"minecraft:oak_log":6,"minecraft:wooden_pickaxe":1},"minecraft:picked_up":{"minecraft:crafting_table":1,"minecraft:oak_log":16,"minecraft:arrow":1,"minecraft:wheat_seeds":1,"minecraft:poppy":1,"minecraft:cobblestone":37},"minecraft:mined":{"minecraft:birch_leaves":1,"minecraft:crafting_table":1,"minecraft:grass":10,"minecraft:oak_log":10,"minecraft:poppy":1,"minecraft:tall_grass":4,"minecraft:stone":37},"minecraft:killed_by":{"minecraft:pillager":1},"minecraft:killed":{"minecraft:skeleton":1},"minecraft:custom":{"minecraft:time_since_rest":5715,"minecraft:sprint_one_cm":40456,"minecraft:damage_taken":395,"minecraft:walk_one_cm":20188,"minecraft:mob_kills":1,"minecraft:drop":4,"minecraft:damage_dealt":293,"minecraft:interact_with_crafting_table":3,"minecraft:fly_one_cm":57023,"minecraft:crouch_one_cm":3429,"minecraft:play_time":10341,"minecraft:deaths":1,"minecraft:sneak_time":1429,"minecraft:walk_under_water_one_cm":39,"minecraft:jump":247,"minecraft:walk_on_water_one_cm":43,"minecraft:time_since_death":5661,"minecraft:total_world_time":10341,"minecraft:fall_one_cm":9810},"minecraft:used":{"minecraft:stone_sword":4,"minecraft:stone_pickaxe":23,"minecraft:wooden_pickaxe":14,"minecraft:stone_axe":1,"minecraft:wooden_sword":6,"minecraft:crafting_table":2},"minecraft:crafted":{"minecraft:wooden_sword":1,"minecraft:oak_planks":40,"minecraft:crafting_table":2,"minecraft:stick":16,"minecraft:wooden_pickaxe":1,"minecraft:stone_pickaxe":1,"minecraft:stone_sword":1,"minecraft:stone_axe":1}},"DataVersion":3465}